Review ID,Rating,Title,Review Text,Review Date,Reviewer Name
14602075154,2,UI change,"Hi,
I have been using this app for past 7 years, but the new chart view is not eye pleasing at all.
Pls bring back the older version

I guess from today morning u have rolled out new Groww Charts, pls bring back the old one
Or make it exactly like the earlier one",2026-09-27T21:22:24-07:00,Mayank-01
14602037038,5,good,best for new users,2026-09-27T21:04:26-07:00,Sajan bisht
14591712417,1,Withdrawal payment me ye log gafla karte hai,Withdrawal payment me ye log gafla karte hai,2026-09-25T06:31:21-07:00,sanjaypra14
14590916406,5,Best app for trading,"Easy to use 
I have zero knowledge about trading but after using it am an expert in trading",2026-09-25T01:52:39-07:00,Anu@0705
14590127042,5,👍,good job,2026-09-24T20:06:32-07:00,Jack sindoor
14589036572,4,Very good,Awesome,2026-09-24T12:56:05-07:00,Mummuj
14588715447,5,Friendly and Easy to use,"Groww is a very user-friendly and easy-to-use stock market app. The interface is simple, transactions are smooth, and portfolio tracking is convenient. Overall, a great platform for investors and traders. ⭐⭐⭐⭐⭐",2026-09-24T11:03:28-07:00,Naam me kya Rakhha hai
14587945381,1,Its not compatible with tab,Your app why not auto adjust tab screen,2026-09-24T07:06:41-07:00,ahayabahs
14587379264,5,Required app for i pad,Please make this app for iPad,2026-09-24T04:11:59-07:00,info.pkrajput
14586525388,5,Excellent,Excellent,2026-09-23T21:51:38-07:00,Tap lal
14586426980,5,Ankul,Gautam,2026-09-23T21:05:03-07:00,Ankulkumarakg
14585014126,1,Improve,"Improve fund transfer in our accouny within 2 to 3 hours as we are investing for emergency 
while emergency need we had to wait for 2 to 3 days 
so please improve it will invest more fund",2026-09-23T11:43:46-07:00,Chintan….
14584926750,5,Good,🥰,2026-09-23T11:14:03-07:00,Shahid Arkera
14583256366,5,Very good,Ver better,2026-09-23T02:18:35-07:00,Mohit Phutela
14583188351,5,Good,Good,2026-09-23T01:48:05-07:00,pri tina patel
14583001892,5,Great,Easy to use and experience is great,2026-09-23T00:21:35-07:00,Anupriya$1225
14582675602,5,I am growing up,Growwing up,2026-09-22T21:49:19-07:00,Jomon justin
14582628412,1,"Not good enough.. If you want to lose your money, download this app.","I am facing serious issues while trading on the Groww platform.

Whenever I place an order at the price currently displayed on the app, or set a specific price at which I want to buy or sell, my order is often not executed at the expected price or within the expected time.

I am also experiencing problems with stop-loss orders. Even after setting a specific stop-loss level, my position sometimes gets executed at a different price, resulting in a higher loss than I expected.

There also appears to be a delay in order execution. Even when the market reaches the price at which my order should be triggered, the order is not always executed immediately. This has caused me financial losses on multiple occasions.

I request you to investigate the following:

1. Why are my orders not being executed promptly when the market reaches my specified price?
2. Why are my stop-loss orders sometimes executed at a price different from the stop-loss level I set?
3. Is there any execution delay, slippage, liquidity issue, or other technical reason responsible for these differences?
4. Please provide the complete order execution details for the affected trades, including the order placement time, trigger time, execution time, requested price, and actual executed price.

I request a proper investigation and a clear explanation regarding these issues, as they are directly affecting my trades and causing financial losses.

Please resolve this issue at the earliest.",2026-09-22T21:28:25-07:00,Divubb
14580285833,4,App is not optimised for ipad please resold this,.,2026-09-22T07:29:11-07:00,Meow meee
14579895356,1,Useless app,I am trying to execute the order but it excuted i lost 84000 because of this stupid app I want switch thi app I don’t want to use when I’m trying to use stop loss it shows that sl fallied worst app and tgt orders also not executing properly after update there response also worst I don’t want to use app i am very frustrated,2026-09-22T05:34:00-07:00,Gangster trader
14579594478,5,weekly sip for mutual funds,please also add weekly sip options for mutual funds,2026-09-22T03:53:02-07:00,Mayurrk2812
14579265187,5,Easy to use and understand,Excellent to use,2026-09-22T01:32:11-07:00,Sumitgaur09
14578757590,5,Happy,Nice,2026-09-21T21:30:37-07:00,bhamasi
14576797115,3,Easy to use UI but few key features missing,"Groww has one of the best user friendly apps for investment. However, key features like stoploss in GTT orders, mutual fund performance against its own benchmark are missing. Also, it’s impossible to update stock alerts after recent updates in mobile app. Kindly rectify these issues.",2026-09-21T09:21:13-07:00,Anupam2026
14576022511,3,Once you go to buy price will go up once go to sale price will go down. Seems like someone playing,Bad,2026-09-21T05:28:35-07:00,Dontknow1345
14575970237,5,5 STAR,10 / 10,2026-09-21T05:11:18-07:00,rahulbhau
14575297461,5,Very,Good,2026-09-21T00:33:04-07:00,Nice redyyy
14574942746,5,Erratic behavior,App behaves erratically so many times.,2026-09-20T21:44:44-07:00,YonoApp maintenance
14572876433,5,Nice app,Niceapp,2026-09-20T09:11:44-07:00,Zaidoo46
14572570590,5,Na,Na,2026-09-20T07:48:10-07:00,LoveToOrderonline
14571196112,1,No support for iPad os,Just the extended version of mobile version . No work has been put for the iPad version very disappointed,2026-09-19T23:44:12-07:00,dharmendaryadav07
14570378963,5,Excellent,Excellent,2026-09-19T17:55:36-07:00,Tarininnnnn
14567400977,5,Let's Groww,Groww together,2026-09-19T01:12:10-07:00,$ PAPU $
14564499682,5,Great savings opportunities,Excellent experience,2026-09-18T07:30:32-07:00,Jasgop5198
14564169993,1,Negative charges are invisible,I left the account for around 1 month and now my balance is negatives while my holdings are in profits. Not even a reason why its negative. Not even a small notification that it went negatives.,2026-09-18T05:56:25-07:00,Akhil1603
14563895189,5,Stock,Stock analyse for best app,2026-09-18T04:30:37-07:00,Sunprasanth
14563778072,1,Pathetic Service,One small issue that I m unable to add money by net banking and even after 7 whole days no resolution. Had call backs from seniors in support team but no action. realistically it’s the worst service they can provide .Kudos to the team for being such a big lair and helpless to do anything .,2026-09-18T03:50:20-07:00,JustaGrowwuser
14563383938,1,Customer support,"Worst customer service, I recently call in the customer service and after hearing my problem/issue the person who was alloted to me goes silent without resolving my problem and doesn’t response to my issue and cut the call",2026-09-18T01:06:28-07:00,K@purohit
14563263849,5,Great,Great,2026-09-18T00:10:50-07:00,Tamar boy
14562951072,1,Worst customer support,Their chat support doesn’t have any real agents and customer care number always busy. I am moving to other app,2026-09-17T21:44:24-07:00,Raghavroxor
14562906366,1,Support issue,"Customer care guys not supporting properly don’t use this app anymore
Worst experience from groww",2026-09-17T21:23:24-07:00,oblesh
14562903966,1,"Improve your customer support, no one is there to support a transaction issues.",Even single reply to take time 20-30 min without proper knowledge.they don’t understand the issue. Worst customer support. groww Application also skips my one-day transaction history they didn’t add my profit and also my capital amount is also blocked even not shown in transaction history.,2026-09-17T21:22:15-07:00,D RAGHAV RAO1991
14562876524,1,3rd CLASS TRADING APP,"Extremely disappointing trading experience. My order was clearly in profit, but when I tried to exit, the order failed or did not execute properly multiple times. I attempted to exit 2–3 times, but by the time the order finally went through, the position had moved into a loss.

This is a serious issue for a trading platform. In fast-moving markets, even a few seconds can make a huge difference. Traders should not have to repeatedly attempt an exit while their position is already in profit.

The overall experience was frustrating and unreliable. Groww seriously needs to improve order execution, stability, and reliability during market hours. I expected much better from a platform used for trading.",2026-09-17T21:09:26-07:00,ARJUN S PANCHAL
14562875557,1,The worst customer service and irresponsibility towards money,I have traded some options and the next day they disappeared. The money is also not seen in the grow account. I have tried to reach out to customer care for one hour and the call didnt even get through. Please be careful while trying to waste your money on fraud apps like this.,2026-09-17T21:08:58-07:00,Bad delivery ethics
14562802171,1,Services,Very very very bad service they even didn’t replied,2026-09-17T20:35:23-07:00,OPOP@OP
14561298260,5,Easy,Useful and Helpful Comfort 💯✅ Trusted 💯 Trustworthy& easy,2026-09-17T10:58:38-07:00,foodee😋
14560332283,5,Easy and simple,"Easy to access all options and everything in a one plant-form interesting.
overall it a simple steps to get in and understand market.",2026-09-17T06:10:34-07:00,One word growth
14560193262,1,Patient Customer Service,This company has the most pathetic customer service where you have to wait for minimum 2 days to get a reply and post waiting also the agents reply’s comes with attitude. As if they are doing a charity by replying to our queries. If the company can’t provide customer service then they should doing business whose primary work is customer service.,2026-09-17T05:28:46-07:00,Varun Chanana
14559266619,5,++++,Best app ever for trading,2026-09-16T23:03:42-07:00,….check
14559204814,1,Grow is cheating i have evidence their system is not good triggering false prices and making to loss,I have the proof my trigger price was 195.40 but market didnt go down it went up but my sl order triggered at 192 and gave me loss,2026-09-16T22:33:51-07:00,Zainudheen335
14559129836,1,plz Add Remove option in Targeted price.,I Put Target price in Nifty and other Options. & After Some Time it’s trigger. And Then i try to remove my Traget price then i see thare is No Option to remove target price. So plz Add this Futures.,2026-09-16T21:58:16-07:00,neel Prajapati v
14559074696,5,Suggestion for become best Investing App,"Great evolution ,If PEG ,Intrinsic value ,Future growth rate provided .Grow will become the best app",2026-09-16T21:32:14-07:00,Roy DANK
14559052002,5,Very Good Application,Good,2026-09-16T21:21:33-07:00,Nil.Pednekar
14559043269,5,Best and easiest,One of the best app ..loved it,2026-09-16T21:17:29-07:00,Sanu2051
14556645882,5,Good,Good,2026-09-16T07:01:00-07:00,Sumit Sahoo 1985
14555361844,5,User friendly experience,Easy to use and monitor the current progress.,2026-09-15T23:06:33-07:00,JACKINS George
14553364821,5,Nice,Good,2026-09-15T10:02:19-07:00,Faraarrrr
14551586678,5,Easy to use,Good for new comers,2026-09-14T23:12:29-07:00,Anil2111
14551474490,5,Good,Easy to use,2026-09-14T22:16:19-07:00,cota lala
14549325765,5,Groww app,Very nice,2026-09-14T08:27:34-07:00,Rajeev Kumar Saini
14547543506,1,I hate this app,This app is very slow in withdrawal and also many charges are applied,2026-09-13T20:46:43-07:00,Vaibhh123
14545929819,5,Excellent,Good app,2026-09-13T10:38:01-07:00,Gautam vajpayee
14544749417,5,Performance of GROWW app,Very good,2026-09-13T04:58:32-07:00,Vikshsan
14544727844,5,Investors app,Good app for mutual funds investors,2026-09-13T04:51:08-07:00,Padmvghj
14544492106,5,Easy to use,Good,2026-09-13T03:24:51-07:00,Akhokra
14544169830,5,Good,Good,2026-09-13T01:17:13-07:00,Nandan Sharma.
14544147158,5,GREAT APP,"Best investing app ever👍 
don’t know about others but it works for me",2026-09-13T01:08:05-07:00,RajeshKLama
14544100407,5,Good,Best platform for investments,2026-09-13T00:48:50-07:00,Best investment platform
14543925170,5,Good,Good n easy investment,2026-09-12T23:35:38-07:00,Nagesh Jindam
14543858266,5,"Nice Aplication and easy to understand,handling",My experience is good,2026-09-12T23:06:44-07:00,Yk enter
14543569031,5,100,Good,2026-09-12T21:01:24-07:00,Mvreddy 789
14541830687,5,Good service,Good,2026-09-12T10:17:20-07:00,patel ps 1712
14541615228,5,Groww is best,"Best App for stocks,mutual funds,IPO etc.",2026-09-12T09:14:23-07:00,Vk Hathila
14540036469,5,Ok,Ok,2026-09-12T00:39:56-07:00,Dinnuden
14539974822,5,App,"User friendly 
Much useful for new entrants",2026-09-12T00:14:47-07:00,viswanadham
14539855050,5,Good,Nice application,2026-09-11T23:24:48-07:00,Jha12345-
14539761091,5,Font size,"Everything good, if the font size able to make big it will fine. 
Thank you",2026-09-11T22:44:22-07:00,Aksh1116
14539587359,1,Need Volume in index,"Without volume how a trader can trade efficiently, enable it for seem less trading in single window",2026-09-11T21:28:42-07:00,Trade&123
14539575154,5,Good app. But demands update frequently,App demands update daily is the only problem. Otherwise app is good.,2026-09-11T21:23:30-07:00,ashishkp
14539499864,5,Trading,Best app for all trading and investment needs,2026-09-11T20:51:47-07:00,RohanThaker
14539434513,5,Good service,Best,2026-09-11T20:24:57-07:00,SHIVLAL suthar
14539306782,5,Good,Good,2026-09-11T19:34:17-07:00,FrJVayalil
14539092643,5,Investors app,Great experience,2026-09-11T18:13:33-07:00,Vedharaja
14539025098,5,Good App,Very good app for beginners,2026-09-11T17:47:43-07:00,Killer Thapa
14538261159,5,Good,Really nice,2026-09-11T12:49:41-07:00,amarakbar
14538236569,1,Harassment,Harassment at the time of payment of Mutual fund Lumpsum.,2026-09-11T12:40:53-07:00,Dr. Pijush Saha
14537718335,5,All good,Essay to use,2026-09-11T09:46:29-07:00,Rajendra m gupta
14537425736,5,Groww should GROWW!,"I love the easy, usable way a digital relic like me can manage and navigate to grasp so many diverse ideas and areas to invest and grow my portfolio!!! Cheers. 🥂",2026-09-11T08:18:53-07:00,Ratapani tiger
14537067876,5,Good,Very good,2026-09-11T06:36:50-07:00,Shambhuday
14536711377,5,Nice,App,2026-09-11T04:49:08-07:00,Mr. UsmanGani
14536689477,5,Ahmad,Ahmad,2026-09-11T04:42:07-07:00,Mushtaquesbg
14536263574,5,Good,Good for investment,2026-09-11T02:01:25-07:00,swapnil kailas nikam
14536244345,5,Very nice interface,Shandaar app for all traders,2026-09-11T01:52:57-07:00,Royalguru007
14535853279,5,review,"abe laude , macchar ki jhaant, bar bar review mangna band kar madarchooodddd, paise toh ulta minus mai chal rha h , kya lund review du tereko , bhaaaak maaaaaaadarchoood",2026-09-10T22:51:35-07:00,vaag ente
14535844891,4,Ok,Ok,2026-09-10T22:47:31-07:00,Rakesh’s…
14535831530,5,Excellent,Excellent,2026-09-10T22:41:04-07:00,RKxj8647
14535804011,2,Flat 5 rs new  Extra Charge,Flat 5 rs new  Extra Charge  for every stock purchase,2026-09-10T22:28:01-07:00,irongaming993
14535765664,1,Worst experience,Pathetic app for investment and pathetic customer service as well. No update on unit allocation even though the date of allocation has passed. And terrible customer service as nobody comes in to help. Just reassigns to a new person in the same chat and nobody bothers to reply,2026-09-10T22:09:47-07:00,Willnotusegrowwanymore
14535724906,5,Very good,Awesome,2026-09-10T21:50:48-07:00,Subhomoy951
14535705890,5,wow,amazing,2026-09-10T21:41:49-07:00,sum05031991
14535636816,5,Good,Good and easy,2026-09-10T21:09:25-07:00,JP dhas
14535395439,5,Grow with Grow App,"Good aap 
Easy Handel",2026-09-10T19:24:10-07:00,Trilochan42
14535351332,1,Needs improvement and customer friendly,Such a useless kyc system.,2026-09-10T19:06:28-07:00,Nishant dhdhhavehveh
14535111046,5,Very Good,Good platform. open a E Commerce Site also.,2026-09-10T17:32:21-07:00,Sanju Kr
14534986897,5,Best,Good,2026-09-10T16:43:18-07:00,_p_i_x_E_L
14533968489,5,OSS,One stop solution for your financial management,2026-09-10T10:32:48-07:00,Vivek wa yadav
14533702861,5,Good app,Good support,2026-09-10T09:11:15-07:00,Rzivn
14533689166,1,Sip Declined,"On groww when I will do sip it is rejected after 7-8 days dont know why it is happened with 4 different mutual funds, I have raised a ticket but they are not responding worst experience ever, I will not use groww anymore",2026-09-10T09:07:13-07:00,Sip Declined
14533463660,5,Good,10/10,2026-09-10T08:01:57-07:00,Chetan mistry B
14533440614,5,Best trading app,Perfect charts and smooth interface for uninterrupted trading,2026-09-10T07:55:26-07:00,Princefernzz
14533212306,1,Fraud karta hai,Donot be install,2026-09-10T06:50:52-07:00,Rajat guptasds
14533183070,5,Awesome,Awesome,2026-09-10T06:42:34-07:00,AshishR1970
14533103419,5,Very efficient platform,Groww is a very good and efficient platform with good analytical data available.,2026-09-10T06:19:55-07:00,Jitenmca
14533061979,1,Very very bab,Only lose,2026-09-10T06:08:01-07:00,Rifask
14532995988,5,Excellent platform,"It’s a excellent platform 
Simple and easy to use and works well for everyone who needs to work in stock market",2026-09-10T05:48:48-07:00,Sukhjindersinghjohal
14532793330,5,Amazing,I love the app. It’s very simple & convenient to use,2026-09-10T04:47:18-07:00,Ritzy Lity
14532775791,5,Best app for Mutual funds,I really like Groww app for Mutual fund. Their UI and quick analysis is good. Also ticket resolution is very prompt. Love the experience,2026-09-10T04:41:49-07:00,Atharva K
14532198115,5,Very good,"Rate of interest high 
Baki bahut achi sab best hai",2026-09-10T00:55:09-07:00,nvnisranee
14532180361,5,User Friendly,User Friendly app easily understandable,2026-09-10T00:46:53-07:00,Integrated App
14532089246,5,Lifesaver,This app is so good for long term,2026-09-10T00:04:55-07:00,Ash99602
14532054708,5,The best,The best app,2026-09-09T23:48:59-07:00,Ok but no ok
14531906402,5,Great app for beginners,"Excellent app for trading middle class and savings , trust me 1 day I wealth will kick you by groww",2026-09-09T22:39:29-07:00,Shanthiswaroo
14531893518,5,No. 1,India’s no 1 trading platform. My experience with Groww is outstanding..🫡🙏🏻,2026-09-09T22:33:27-07:00,Surojit Tarafdar
14531873582,5,Great,Good,2026-09-09T22:24:11-07:00,raeshu
14531842191,5,Perfect,Good and fast,2026-09-09T22:09:43-07:00,iPhone RAHUL
14531791742,5,G App,"If you are a beginner or a long-term investor looking for a clutter-free, hassle-free app to build your wealth, Groww is an exceptional choice. Advanced traders, however, may prefer platforms with heavier charting tools.",2026-09-09T21:46:32-07:00,Borse Darshan
14531757395,5,Very good,Very good,2026-09-09T21:30:45-07:00,Azam nawaj
14531755955,5,Smooth,Transaction was as smooth as flow of water,2026-09-09T21:30:04-07:00,KG-08
14531721219,1,Worst app,"Worst app, they will breach your security and open f&o segment on there without your consent and bsda yes to no without any consent or intimation to user and if complaint is raise they just make you go round and round with no solution and close ticket without any resolution with a thank you, customer care experience is as equal to Instagram fraud sellers if you face any difficulties or have an issue they have no answer",2026-09-09T21:14:16-07:00,Akashkharbakk
14531719899,1,Average,App not user friendly and the dashboard doesn’t display direct total orders,2026-09-09T21:13:39-07:00,Sandeep Ravikanti
14531638228,5,Nice,10,2026-09-09T20:37:28-07:00,M BALA SUBRAMANYAM
14531619314,5,Good experience,User experience is great.,2026-09-09T20:29:09-07:00,Prasanth alpha
14531591138,5,Very Good App,Good online platform for traders,2026-09-09T20:17:09-07:00,Kalpesh Rankja
14531543629,5,Singh,Good,2026-09-09T19:57:10-07:00,Mrityunjay Kumar Singh
14531432299,4,Nice,Very nice app,2026-09-09T19:12:25-07:00,Baadshah50
14531406760,5,H,H,2026-09-09T19:02:20-07:00,ridhan11
14531336293,5,Maharaja,I am using Grow app for 3 years and I am fully satisfied.God bless Grow. Tum jug jug jio Maharaja,2026-09-09T18:35:18-07:00,I love Groww
14531332234,5,Hitha Janaki,"Thank you so much Universe! 
Thank you God !
Thank you Groww !💝😘",2026-09-09T18:33:44-07:00,Hitha Janaki
14530368583,5,Easy to operate,Nice investment app,2026-09-09T12:29:54-07:00,Kashishz
14530163864,5,Growth,Groww means Growth,2026-09-09T11:21:14-07:00,AgtRiol
14529630865,5,Scalping,Good broker for scalpers,2026-09-09T08:37:05-07:00,Parag Kashyap
14529526294,3,Delay chart,Everything is fine and it is user friendly.. even though I have high internet speed ..chart is delaying with the range of 5-10 seconds .. please improve this,2026-09-09T08:06:33-07:00,Vikki for you
14529048913,5,Use,Very Good experience,2026-09-09T05:49:15-07:00,J srinu
14528889859,5,Thank you,I love Groww.,2026-09-09T05:01:08-07:00,ajs35600
14528880051,5,Nice,Grow stocks app is the best,2026-09-09T04:58:02-07:00,Ak khare
14528732869,5,Good,Best platform,2026-09-09T04:10:36-07:00,Nilay jain
14528714318,1,Not working in iphone17,Its not working in iphone 17. Unable to login through any mail,2026-09-09T04:04:07-07:00,Gur0044
14528616976,5,Very good interface,Very convenient in setup and use. Interface is great..i am using mutual funds as if now. Thanks,2026-09-09T03:28:38-07:00,rakcs12
14528590803,5,Excellent improvement recently by introducing GR-1 insights,"The ease of operation has always been there and also the latest important news for the day is pretty useful 
Now the introduction of GR-1 insights analysing what’s going on with a stock and what is the meaning of recent changes in valuation, quarterly results and company insights are also very useful 
Then the addition of technical data and trends also helps a lot in making decisions so overall 👍👍👍",2026-09-09T03:18:47-07:00,egmfs
14528576356,5,Grow User Friendly,Grow is very User Friendly Mobile Application for Trading. also its Pre-Apply IPO Feature makes you one step ahead of other Application. Off Trading Hours we can book Order and they are placed easily,2026-09-09T03:13:16-07:00,Mr.Dependent
14528397754,5,Superb,Very good app for all your market management,2026-09-09T01:57:59-07:00,Keen Budget
14528319860,5,Sanket,I loved new networth feature can you pls add xirr so net worth can be seen using this,2026-09-09T01:22:07-07:00,Sanketsc
14528227580,5,Bapp of demate,No 1 app in India,2026-09-09T00:39:05-07:00,Pinshu Gond
14528206452,5,Great,Greatest,2026-09-09T00:29:05-07:00,Sonai2000
14528172262,5,Superb App,Trading news analysis became user friendly and easy for understanding for new people and investors,2026-09-09T00:12:45-07:00,PSalunkhe
14528096045,5,Groww,Exlent,2026-09-08T23:36:54-07:00,Hanviny
14527963441,5,Nice,Nice,2026-09-08T22:33:10-07:00,RMDedai
14527920751,5,Excellent app,Excellent app easy to use feel comfortable,2026-09-08T22:12:53-07:00,RNDATTA
14527894882,5,easy to operate,its operations fir bying selling ipo applying is in seconds,2026-09-08T22:00:43-07:00,sarltinder
14527872360,5,Very user friendly interface,"Excellent app with very good user interface, each to track and trace with full visibility on real-time basis",2026-09-08T21:50:03-07:00,Anant.Tandon
14527833489,5,Excellent service,10 stars,2026-09-08T21:31:53-07:00,590412
14527807260,5,Good,Quick and easy to navigate,2026-09-08T21:19:38-07:00,Baglabhavik
14527795373,5,Nice,Ease of use,2026-09-08T21:14:10-07:00,ojhaashirbad
14527794110,5,Best app for your financial journey,One of the best and easy to use app,2026-09-08T21:13:34-07:00,Shyam sundar g
14527769994,5,Good,Good,2026-09-08T21:02:25-07:00,Sandy bas
14527756205,5,Easy,Ease of transaction,2026-09-08T20:56:04-07:00,Gauravverma333
14527736067,5,❤️❤️,❤️❤️,2026-09-08T20:46:52-07:00,Sitaram 77
14527735508,5,Happy,Awesome experience,2026-09-08T20:46:37-07:00,Nilesh@Patidar
14527731446,5,Good Exp,Easy to know this app and learning,2026-09-08T20:44:47-07:00,SaiAppi
14527654413,5,Fantastic App,"Easy to use, customer friendly",2026-09-08T20:10:43-07:00,Adi Jadhav
14527602066,5,Best way to invest,Best way to invest,2026-09-08T19:48:39-07:00,Maulikmontu
14527559137,5,Exceptional Platform,Keep Growing,2026-09-08T19:31:02-07:00,Baarish-06
14527539949,5,Nice,Too early to judge..let’s complete min 6 months,2026-09-08T19:23:19-07:00,Venkat DMM
14527456562,4,User Friendly,Using Groww application is fun and easy. The app breaks complex data into charts which enhances user. Highly recommend this app to all specially new age investors.,2026-09-08T18:50:06-07:00,Shivank5990
14527330004,5,Very good service,No.1 service,2026-09-08T18:01:19-07:00,Naren1098
14526725822,5,good,good,2026-09-08T14:04:51-07:00,Acashii
14526310863,5,Great,Exllent very good,2026-09-08T11:41:53-07:00,nagnath pandhare
14526121424,5,Wonderful trading app!,"Groww is a very user friendly trading app for beginners and professionals, both. Works in real time with immediate settlements. Recommended.",2026-09-08T10:40:13-07:00,Niraj Author
14525946987,5,Information,Good,2026-09-08T09:45:41-07:00,Udayavan
14525836545,5,Vora’s,Awesome,2026-09-08T09:11:52-07:00,Ary@nVor@
14525291396,5,Great app for investment,Great app for investment,2026-09-08T06:31:32-07:00,Aby@72
14525278909,5,Best app,Best sip and investment app,2026-09-08T06:27:50-07:00,Vishalnishu
14525144096,5,Operation good,Operate krna bohot asaan hai,2026-09-08T05:47:12-07:00,Devendra chakradhar
14524468594,1,Fraud app,Hostile fraud app,2026-09-08T01:30:07-07:00,Abhinav patel07
14524417654,4,Good app,Graphics are great but selling process are little bit difficult but by the way app is good,2026-09-08T01:05:43-07:00,Danial don
14524341138,5,Good App,"user friendly, easy to use",2026-09-08T00:28:39-07:00,SATYAM@12a
14524304521,5,Good,Good,2026-09-08T00:10:59-07:00,Sudheer Reddy 1976
14524290551,5,Good,Very nice work,2026-09-08T00:04:18-07:00,Osin pro
14524134981,5,👍,Best and easy to operate,2026-09-07T22:47:51-07:00,Dadu ❤️
14524132760,5,BEST STOCK MARKET APP.,No other Stock Market app works so smoothly as does GROWW app🌺🙏,2026-09-07T22:46:46-07:00,NKJALOTA
14524128849,4,Good,Good,2026-09-07T22:44:49-07:00,Appa SK
14524128068,4,Good,Nice but make it for IPad as well,2026-09-07T22:44:26-07:00,ELITE LIBERTY
14524121962,5,Good,Good,2026-09-07T22:41:27-07:00,raja578288
14524090254,5,Best platform,Easily understandable,2026-09-07T22:25:54-07:00,Bobby@10
14524089987,1,Grow,Lost almost 5lakh in charges,2026-09-07T22:25:46-07:00,Ali-bes
14524081219,5,Very good,Super,2026-09-07T22:21:32-07:00,subhakalyan
14524030786,5,Really Best app for beginners and professionals for stocks trading,Loveit,2026-09-07T21:57:19-07:00,Bb0189
14523984240,5,Exiland,Good,2026-09-07T21:34:53-07:00,Dogs and horses are
14523975527,5,Good,Nice,2026-09-07T21:30:43-07:00,Sameer Reddy
14523968716,5,Demat account,Best among all,2026-09-07T21:27:28-07:00,Md kamaluddin
14523953735,5,I like,Nice,2026-09-07T21:20:23-07:00,Kamlesh Patel Kamlesh Patel
14523940675,4,A,A,2026-09-07T21:14:19-07:00,SAGAR DEVARE
14523933602,5,Latest and best app!!,"Excellent app; well designed UI, seamless functionalities.",2026-09-07T21:11:06-07:00,RaghavaKulkarni
14523889750,5,Good and easy investment app,Trustworthy,2026-09-07T20:50:43-07:00,Nav_£$£€
14523878826,5,Rating,User friendly interface,2026-09-07T20:45:48-07:00,obsessedrajpoot
14523824739,5,Groww stocks and Mutual Fund,Excellent and awesome options,2026-09-07T20:21:36-07:00,Naga Raj
14523739418,5,Good,Very good,2026-09-07T19:45:12-07:00,Kulbeer 12322
14523718717,5,Good platform,Very easy and friendly interface,2026-09-07T19:36:33-07:00,Shrismita
14523578199,5,Rana,Excellent,2026-09-07T18:40:05-07:00,Sa ku ra ₹7
14522651204,5,Ishu,Good good,2026-09-07T12:44:47-07:00,Ishu8796
14522557769,5,sachu,bali,2026-09-07T12:14:01-07:00,sachubali
14522526502,5,Good,Very easy,2026-09-07T12:04:08-07:00,Naveennnnolpp
14522235252,5,Good,Super excited,2026-09-07T10:33:30-07:00,Super. J
14521961909,5,Venky,Superb,2026-09-07T09:12:19-07:00,Manitou16
14521890941,1,Full screen,My iPad 10th generation doesn’t work on full screen support. Why ? Please fix it .,2026-09-07T08:52:12-07:00,iPad 10th generation
14521843105,5,Super,5,2026-09-07T08:38:37-07:00,Kapiljaat9719
14521786557,5,Good,"After new update, very good grew and more grew",2026-09-07T08:22:45-07:00,Problem9560
14521676139,4,Good,Good,2026-09-07T07:51:56-07:00,Lalu mahto
14521630097,5,Groww,Easy to use,2026-09-07T07:39:01-07:00,Princmishra
14521582000,5,Great,Great,2026-09-07T07:25:35-07:00,Vivek.k0
14521452322,5,Best aap,Esse behtar koi aur nhi 🧿⚡️,2026-09-07T06:48:40-07:00,By dtf
14521204818,5,best platform for the beginner investor.simple and genuine,best platform for the beginners investors,2026-09-07T05:32:36-07:00,Ewang Pame
14521117410,5,Excellent,Very good platform. Nicely built.,2026-09-07T05:02:59-07:00,Samarjit Saha
14521049994,5,Make money with Groww,🫵,2026-09-07T04:39:05-07:00,cito pito
14520825749,5,Good,Good one,2026-09-07T03:09:37-07:00,Sanjeev Sat
14520798160,5,Good services,5,2026-09-07T02:57:34-07:00,Ajtgrgg543
14520570523,5,Peace of mind,Great experience,2026-09-07T01:12:14-07:00,Vinnnd
14520565995,5,Nice,Nice,2026-09-07T01:10:04-07:00,Abhay0106
14520368003,5,Growing,Superb and simplest of all time,2026-09-06T23:35:17-07:00,Robort the king
14520315553,5,Great services,Highly anticipate for your services,2026-09-06T23:10:04-07:00,Upendra Sati
14520243361,5,Good,Goo,2026-09-06T22:35:18-07:00,Hrishi baba
14520226761,1,Not sending notifications,Grow not sending notifiaction in my iphone 13 mini with ips 18,2026-09-06T22:27:21-07:00,Amith619
14520203052,1,plz Add Remove option in Targeted price.,I Put Target price in Nifty and other Options. & After Some Time it’s trigger. And Then i try to remove my Traget price then i see thare is No Option to remove target price. So plz Add this Futures.,2026-09-06T22:16:09-07:00,neel Prajapati v
14520139245,5,"Simple, Advanced and User Friendly",The app is simple with neat features and 1 click stock investment. Best for MF for SIP or lump sum and easy withdrawal and redemption . Anyone from 10 to 80 years can navigate,2026-09-06T21:46:05-07:00,sort the app asap
14520125142,5,Easy to operate,I find very to operate,2026-09-06T21:39:32-07:00,TDK0212
14520047449,5,Easy interface for beginners,Good interface and user experience,2026-09-06T21:03:57-07:00,adriiita
14520000665,1,chang uour mind set think only honesty,inalso see here only  wrong result it make by you or indont know   because  i am auto rixow druver i loas here when i right then you give me loss 35laks i lost. i feel  cheat my family  best of luck,2026-09-06T20:42:46-07:00,Shrdddha
14519995205,5,V good,Good,2026-09-06T20:40:18-07:00,Ghanta babu
14519888645,5,Best Stocking Apps,Beat Apps,2026-09-06T19:53:42-07:00,Nimish joshi
14519609341,5,Easy to use,Easy to use,2026-09-06T17:59:46-07:00,Jeev.sv
14518794553,5,👍🏻👍🏻,Super,2026-09-06T12:36:19-07:00,Happy 🙏🏻🙏🏻
14518418657,5,Best,😍,2026-09-06T10:33:56-07:00,anandstar
14518241795,5,Great,Good,2026-09-06T09:40:09-07:00,Meghagod
14517530047,5,Excellent,Great!,2026-09-06T06:15:23-07:00,V. Bhavin
14517451968,5,Smooth service and trusted,Smooth service and trusted,2026-09-06T05:51:53-07:00,Soumikmitra
14517251654,5,I trust and groww,For investment you can trust groww,2026-09-06T04:46:21-07:00,shakti raj
14516921292,5,LOVE IT,One of the best apps!,2026-09-06T02:40:50-07:00,Joshhxc
14516889914,5,Good app,Please add scalper mode in commodities also,2026-09-06T02:28:17-07:00,Sachith b
14516788365,1,Poor Customer Service,"I invested ₹10.00 Lakhs in SIF of SBI MAGNUM LONG SHORT NFO on 12/08/2026 via Groww however the investment doesn’t reflect in Groww app even till date i.e. 06/09/2026.
I have raised the pressing issue with their support team along with sought after documents & statements from CAMS. But no solution provided so far.",2026-09-06T01:47:10-07:00,Archana456
14516770690,5,Good,Good,2026-09-06T01:40:04-07:00,Aahi0908
14516572893,5,Best,Best,2026-09-06T00:19:30-07:00,Nitin mali 12
14516568639,5,Easy to operate,Good app,2026-09-06T00:17:44-07:00,Sathi179
14516237481,5,Very good,Easy to use,2026-09-05T21:53:53-07:00,Dr. Shakeel
14516208516,5,Good,Very good,2026-09-05T21:41:19-07:00,Monu Kumar sahu
14516151740,5,Grateful,Very good app,2026-09-05T21:16:48-07:00,Ninja0p_2000
14516103220,5,Very easy app,Simple app with ease of work. SIP calculator is very good option.,2026-09-05T20:56:11-07:00,architenator
14515959292,5,Nice,Good,2026-09-05T19:57:51-07:00,Tapas Shil
14515011315,5,Amazing,Amazing,2026-09-05T13:43:24-07:00,SandarFantastic
14514984389,5,Mr Subriyaz,Very detailed explanation of every terminology as well as about the stocks and mutual funds,2026-09-05T13:33:24-07:00,Subriyaz
14514668587,5,Very goo,Very helpful,2026-09-05T11:44:02-07:00,@@@nayak94
14514304008,5,Good,Very good,2026-09-05T09:50:30-07:00,VVDESAI
14514211574,4,Nice,Very nice,2026-09-05T09:24:01-07:00,Manooolpwodk
14514098272,5,🤩🤩🤩🤩,Star,2026-09-05T08:51:40-07:00,deepak211
14514026319,5,Good,Very cool and good,2026-09-05T08:31:32-07:00,radheraman
14513889551,5,Great app for investing,Simple and user friendly app that I use for investing,2026-09-05T07:53:29-07:00,Sreekanth Varanasi
14513820775,5,App is crashing,"Unable to open the app. The moment u try to open it, it just crashes. Please help. This has never happened before.",2026-09-05T07:34:31-07:00,Pranisha369
14513795784,2,BAD EXPERIENCE,Very BAD Experience as it is not optimised for Tablets and iPad view like other brokers,2026-09-05T07:27:43-07:00,Surender07
14513710508,5,Best for SIP’s,Easy to use and understandable,2026-09-05T07:04:25-07:00,Sayanuchiha
14513520386,5,Grow stock,Best,2026-09-05T06:10:39-07:00,Maeryuj
14513262983,5,Best application for trading,I am using Groww since last 4 years. This is user friendly application to See financial information of the company. It is easy to buy and sell securities on application.,2026-09-05T04:50:31-07:00,Pamu2023
14513182778,5,Good,Good,2026-09-05T04:23:16-07:00,Amit2177
14513112433,4,Unable to See SIP auto pay or date of Auto pay,"I have a issue with this app - in past i have auto with Yes bank for SIP , i have some issue with bank and i change my primary bank to HDFC and now i have deleted the Old bank from auto pay but how can i check my new auto pay is working or not ??",2026-09-05T03:58:04-07:00,Vijaysharma4u
14512840157,5,Hitesh Vakil,All information are good,2026-09-05T02:13:02-07:00,Hits 66
14512812210,5,Nice,Nice,2026-09-05T02:01:52-07:00,Suryakashyap
14512741345,5,Very Good app,Sandeep bhai,2026-09-05T01:33:08-07:00,Sandeep.bhai
14512738433,5,User friendly app,User friendly,2026-09-05T01:31:59-07:00,Venki-245
14512710254,5,Very Smooth,Very very easy to operate,2026-09-05T01:20:35-07:00,Pramod C Pukale
14512621334,5,Ss,Gg,2026-09-05T00:44:19-07:00,Living_with_flaws
14512599036,5,Good,Good,2026-09-05T00:35:11-07:00,Anu1081
14512595953,5,Stock Management,Great experience.,2026-09-05T00:33:57-07:00,Rajeev0698
14512534848,5,UI,"Have been using Grow for a long time now, it provides better user experience than other apps, thats what I love most about it",2026-09-05T00:08:37-07:00,hdowbforwjxveo
14512397881,5,Awesome,Awesome,2026-09-04T23:10:46-07:00,Vyasjiiii
14512374872,5,Great App,Great App Design,2026-09-04T23:00:50-07:00,Sankalp_18
14512148428,5,Honest feedback,The app can be improved by its UI and there are still some bugs which should be fixed in terms of latency..,2026-09-04T21:21:48-07:00,Iamwolverine3
14512136478,5,Asahi galas and kajaria shares,Very satisfied,2026-09-04T21:16:40-07:00,Lovelife_hemanth
14512061696,5,App,Really amazing,2026-09-04T20:45:01-07:00,Shanthi Krishnan
14511873785,5,Very helpful,Amazing app,2026-09-04T19:30:13-07:00,Punxyeeee
14511846977,5,Quite Good,Good,2026-09-04T19:20:03-07:00,OmRajaNilu
14511707793,5,Good App,Great app for investing and good ui,2026-09-04T18:27:07-07:00,ankurtalon
14510784608,5,Good,"Very easy to use, UI standards are pretty good and easy to understand. Keeping going team groww🙏🏽❤️!",2026-09-04T12:34:15-07:00,LogeshEngiraLokii
14510665667,5,Excellent,99,2026-09-04T11:53:12-07:00,Sourabh Chaudhary
14510555117,5,Well Platform,"Good In View And Study 
Easy In Diposit And Withdraw Amount",2026-09-04T11:15:57-07:00,Brijesh Poonia
14510291709,5,Good,Excellent,2026-09-04T09:51:31-07:00,Kripanath Vishwakarma
14510171632,5,Best,Loved it,2026-09-04T09:15:02-07:00,Anabell_
14509851786,5,Great,Great,2026-09-04T07:43:19-07:00,I’ll Ota
14509847203,5,Ok,Super,2026-09-04T07:42:02-07:00,Super ayya
14509688888,5,Rating,Very nice,2026-09-04T06:58:22-07:00,Venu jassu
14509656244,5,A best for SIP investors,A good for a manage portfolio,2026-09-04T06:49:20-07:00,ndboy03
14509529653,5,Mirza,The,2026-09-04T06:13:34-07:00,Rmjaan
14509457528,5,Very good,Good,2026-09-04T05:52:49-07:00,Ok o$
14509380784,5,Invest,Good app,2026-09-04T05:30:05-07:00,Samrat3001
14509260303,5,Great 😊,Fully satisfied,2026-09-04T04:53:21-07:00,एक्स
14509160269,5,Best App,One of the best stock brokers,2026-09-04T04:21:15-07:00,Sumeet1187
14509152632,5,Very easy to use,"I have been using grow for 3 years , very easy to use and withdrawals are too quick beat app for stock market",2026-09-04T04:18:42-07:00,akshat kalra
14509122231,5,Suggestion,It will be very useful if you can add “open interest “ indicator in Groww chart.,2026-09-04T04:08:30-07:00,npschandel
14509090832,5,Super,"Excellent app, one thing stocks showing avg",2026-09-04T03:57:37-07:00,Tvkc999
14509086646,5,God,God,2026-09-04T03:56:08-07:00,Sunny biswas
14509043156,5,Good,Superb app,2026-09-04T03:40:30-07:00,asdhamala
14508891509,5,Grow is the best,"I love Groww for it’s world class customer friendly software, transparency, business ethics, prompt services, and so on",2026-09-04T02:42:52-07:00,Subas C Mohapatra
14508878175,5,Shrikant,Seth jii,2026-09-04T02:37:30-07:00,Sethjii.
14508773500,5,Trading,Excellent,2026-09-04T01:53:53-07:00,Gi raja
14508743950,5,Good,Good,2026-09-04T01:41:07-07:00,Goodness hash d
14508693289,1,SIP Activation not working,"hello Groww team, I wanted to inform you that. I’m using this application from last 3 years for sip management. but now new sip activation is not working properly, I have tried my all possibilities to activate sip please check this issue asap and improve this flow. 


the issue is:
when I click on sip activate autopay - with my phonepe or googlepay upi it shows something went wrong, and inside groww upi it shows no upi is activated please activate - i dont want to activate.

suggestion:
use less vibe coding and proper feature improvement thanks! previous version was far better than this.",2026-09-04T01:18:34-07:00,Ankit_Chotaliya
14508631502,5,Great app,Works very well,2026-09-04T00:50:54-07:00,SidTraveller
14508600830,4,User experience 💝,Nice,2026-09-04T00:36:58-07:00,Rohitkr10
14508567383,5,Good,Good,2026-09-04T00:21:35-07:00,Balaji Ranganathan
14508553318,5,Groww,Excellent,2026-09-04T00:15:13-07:00,Pempo bhutia
14508528784,5,review,good,2026-09-04T00:04:07-07:00,advocate kv joshi
14508495380,5,Good app to invest,Amazing app to invest from very simplified,2026-09-03T23:48:47-07:00,xenbot
14508338570,5,Saswata,Its too much user friendly,2026-09-03T22:35:35-07:00,Saswata91
14508323447,5,Good,Perfect platform for trading!,2026-09-03T22:28:30-07:00,Babaskai
14508294688,5,Best,Always recommend,2026-09-03T22:15:04-07:00,chubby beauty
14508218359,5,Extremely user friendly!,My experience with Groww has been superb! Particularly with stocks and the support team is always helpful!,2026-09-03T21:39:50-07:00,Globediaries
14508217560,5,👍👍,"Very good platform for mutual fund,stocks & IPO. 👍👍👍",2026-09-03T21:39:30-07:00,itz_shubhamsingh._
14508164467,5,Amazing,🥰🥰,2026-09-03T21:15:15-07:00,100 nitish
14508123619,5,D,Good very,2026-09-03T20:56:38-07:00,🙏 saurav
14508105839,5,Feedback,Very good experience and friendly,2026-09-03T20:48:30-07:00,Rinky Kukreja
14508052476,5,Padmavathi,Very Informative,2026-09-03T20:24:34-07:00,Padma PL
14508013064,5,Good for share market knowledge,5 star,2026-09-03T20:07:29-07:00,@nohem
14508009832,5,Dharma,Ok,2026-09-03T20:06:07-07:00,DHARMAPOONIA
14507972774,5,Very cool,Much efficient,2026-09-03T19:50:25-07:00,Er. Ajeet Patel
14507913451,1,App load time,"App load is taking mores than 30-40 seconds, please check",2026-09-03T19:25:45-07:00,Dharmateja1
14507871696,5,Good apps to invest,This is a good app to invest,2026-09-03T19:08:50-07:00,Govardhan.N
14507850653,5,UPS and down,Very risky,2026-09-03T19:00:27-07:00,FOOD LOVERS azhti
14506914941,5,Platform,Very nice platform,2026-09-03T12:53:26-07:00,DeepankanC
14506744466,5,"Excellent application, very simple in use","Hats off who’s developed 
such an easy user interface",2026-09-03T11:53:38-07:00,Shilpi Laddha
14506725589,5,So nice,I am verry happy with grow,2026-09-03T11:47:09-07:00,Mohit sammi
14506587380,5,Good,Good,2026-09-03T11:01:25-07:00,Karthikeyan87
14506505734,5,Excellent,Expert to suggest no knowledge,2026-09-03T10:34:25-07:00,Ajay Prabhu Kumar
14506425336,5,Good,It’s good,2026-09-03T10:08:42-07:00,Sandeep7351
14506418684,5,Good app,Great experience so far,2026-09-03T10:06:38-07:00,ace_start8393
14506403971,5,Good,Easy handling,2026-09-03T10:02:02-07:00,Easy grow
14506358810,5,very happy,very good app,2026-09-03T09:47:44-07:00,kanehiya
14506308160,5,Great experience easy to understand,One of the best trading aap I ever used,2026-09-03T09:31:52-07:00,Paras Makade
14506257085,5,Good,V good,2026-09-03T09:16:09-07:00,Gurvinder Sidhu
14506093452,5,Better than its competitors,Easy to use and understandable,2026-09-03T08:26:58-07:00,Shree545
14506058221,5,Great app,Too good,2026-09-03T08:16:56-07:00,mimi&093456
14506040696,5,Excellent,Excellent,2026-09-03T08:11:45-07:00,Sahil2305..
14505996987,5,GROWW,Best broker of Indian stock market.,2026-09-03T07:58:53-07:00,nIshant_1418
14505989935,4,Very Simple,Good app but need to improve in indicators,2026-09-03T07:56:48-07:00,Bali 008
14505680353,5,Equity and mutual fund,Excellent,2026-09-03T06:26:54-07:00,Kosuna
14505215949,5,Supar app,Supar app,2026-09-03T04:01:01-07:00,Nandan kumar lg
14505138555,5,Good,Niche,2026-09-03T03:32:27-07:00,Rahul Pal MZP
14505064735,5,Good,It’s good,2026-09-03T03:03:39-07:00,alfa Bisht
14505002954,5,Very good,5,2026-09-03T02:38:09-07:00,Monty 5588
14504990209,5,Excellent App,Ekdum JHAKAAS app hain Groww 👍🏻,2026-09-03T02:32:42-07:00,BharatiyaDevesh
14504968370,1,Third class service,5 din se jyada ho gye account opening process kiye huye abhi tak koyi update nhi h bakwas app,2026-09-03T02:23:24-07:00,Sani9007
14504934637,5,App,Very good app for investment beginners & active investors as well. The emails are also useful for understanding market insights and dynamics 👍😊,2026-09-03T02:09:01-07:00,msindia33
14504885839,5,Easy,Very easy to Operate,2026-09-03T01:47:32-07:00,Jaguar0401
14504881593,5,Best,Super app,2026-09-03T01:45:37-07:00,1  hero
14504875991,5,Easy,Useful and Helpful Comfort 💯✅ Trusted 💯 Trustworthy,2026-09-03T01:43:06-07:00,foodee😋
14504829995,5,Useful app.,Very helpful.,2026-09-03T01:22:15-07:00,Salo Majhi
14504824879,5,Best trading app,Superb app for IPO AND TRADING,2026-09-03T01:19:55-07:00,sunil3286
14504821139,5,Great platform,Many THANKS,2026-09-03T01:18:10-07:00,My JIO MY LOVE
14504807634,5,Best ever app,Best app for all beginners and sharpening,2026-09-03T01:11:54-07:00,Rajkumar_2.0
14504771210,5,Superb App,I like quick intuitive features to trade fast and with precision!,2026-09-03T00:55:05-07:00,AdityaBlr
14504711866,5,Same day we can buy stock after sell,Excellent application,2026-09-03T00:27:19-07:00,Usteacher
14504635449,5,Good,Good service,2026-09-02T23:51:36-07:00,Selvam Damodaran
14504587993,5,Super,5 star,2026-09-02T23:28:49-07:00,Manindranath
14504555973,5,Grow,Nice,2026-09-02T23:13:33-07:00,Dybjjcfuk
14504547242,5,Secure,Safe and secure account. Fair deal at genuine charges.,2026-09-02T23:09:21-07:00,Subhash dadu
14504499310,5,Great,Over all good,2026-09-02T22:46:27-07:00,Shanky1977
14504494554,5,The algorithm,Nice look up and stability!,2026-09-02T22:44:08-07:00,Bansi J Patel
14504476998,5,Good to use,Top user interface,2026-09-02T22:35:44-07:00,Nitil sutariya
14504462587,5,Awesome,Superb,2026-09-02T22:28:49-07:00,Suraj1196
14504433694,5,Best app for beginners,Excellent for sip mutual funds,2026-09-02T22:15:14-07:00,Ismart investor
14504432065,5,Smart & Easy Investing Experience,"Really impressed with the Groww app! I recently bought a share using the AI feature, and the experience was very smooth. The order was prepared for me automatically, and I just had to click the Buy button to place it. Super simple, fast, and convenient. Great experience so far! Highly recommended.",2026-09-02T22:14:29-07:00,kheni crazy!!
14504396053,5,Groww means growth,Very fast & easy to use app,2026-09-02T21:57:34-07:00,Ghunawat09
14504386789,5,Good Experience,Neat and Clean UI/UX,2026-09-02T21:53:12-07:00,Ani_mesh__
14504364218,5,Trading,Awesome app for trading.,2026-09-02T21:42:42-07:00,Sanjeev Pant
14504360129,5,I am using since 5 years,Very very easy to understand and easy to place any orders,2026-09-02T21:40:47-07:00,Hitesh Gaidhane
14504326189,5,Earn money,Good for knowledge and good for money,2026-09-02T21:25:04-07:00,Rajkumar1988
14504306708,5,Good,Excellent,2026-09-02T21:16:00-07:00,haransarkar
14504275868,3,Stop pushing Groww loan app,"Every time I open Groww app , you app pushes me to the AppStore to download Groww loan app .
Stop !! it’s really annoying.",2026-09-02T21:01:51-07:00,Sim home delivery
14504262206,5,V s,100% trusted app,2026-09-02T20:55:34-07:00,Vijuuu Shinde
14504259476,5,John,👍👍👍,2026-09-02T20:54:19-07:00,john matthai
14504257822,5,Excellent,Very good,2026-09-02T20:53:34-07:00,Kuunal Shinde
14504254847,4,Brokerage charge,Batter if the brokerage charge gets down Groww can attract many more customers/user to in is bucket,2026-09-02T20:52:14-07:00,Ricchidarshu
14504253900,5,Good,Good,2026-09-02T20:51:48-07:00,aryan200795
14504253028,5,Good,Good,2026-09-02T20:51:25-07:00,Kishor Kumar Choudhary
14504249722,5,Very easy to use,Applications very easy to use and understand,2026-09-02T20:49:56-07:00,vvvaab
14504246740,5,Excellent App,"Very simple design and ease of use along with speed and
 accuracy",2026-09-02T20:48:36-07:00,Ahahgg
14504246626,5,Mr,Jitendra khanna,2026-09-02T20:48:33-07:00,Jitendra khanna
14504216210,5,Good,Its easy and smooth to use for me,2026-09-02T20:35:00-07:00,VKvasan
14504204110,5,Excellent,"Very interactive and easy to use interface. Overall, it’s an excellent application for all trading, and mutual fund requirement.",2026-09-02T20:29:44-07:00,sauravbhatnagar
14504109443,5,Best App,It is the most user friendly n trustworthy app for trading,2026-09-02T19:49:30-07:00,ppparwesh
14504045969,5,Jaldi download karo Grow Karo,This the best app ever I have seen for stocks and mutual funds. I was a beginner and this app made me feel so comfortable like I am using it since ages ago. Kudos to Grow app !!!,2026-09-02T19:23:28-07:00,SiddharthBurse
14503811085,5,Easy user interface,Groww’s interface is very easy to use for all,2026-09-02T17:51:33-07:00,neer2387
14503706439,5,groww stocks,கூட்ஸ் ஆப்,2026-09-02T17:10:10-07:00,ஈஈஈ
14503061489,5,Good,Overall it's gud,2026-09-02T12:59:02-07:00,Glb khan
14502918222,5,User friendly,"Overall, using grow is an superb experience, specially in terms of easy to understand and every information on finger trip",2026-09-02T12:08:29-07:00,Abhimanyu Holkar
14502693613,5,Good,Good,2026-09-02T10:53:17-07:00,Pintudhaduk
14502664295,5,Nice work,Good,2026-09-02T10:43:43-07:00,Adhirajj996
14502561147,5,Best App to Grow,All investment in one application,2026-09-02T10:10:28-07:00,Pillu Customer
14502532214,5,Awe,Seriously a great app to use and is very user-friendly.,2026-09-02T10:01:21-07:00,So9M
14502500857,5,Good,Good,2026-09-02T09:51:33-07:00,K Thamilarasan
14502412960,5,Easy and fast,Unbelievably loving this app to trade in everyday life. It’s easy to use and system is fantastic too.,2026-09-02T09:24:25-07:00,Chettrini
14502400792,5,Very Good Investing Application,Very Good Investing Application,2026-09-02T09:20:42-07:00,PabitraE
14502288332,5,Xxx,Lovely app,2026-09-02T08:46:51-07:00,RRSENGR
14502160066,5,S,E,2026-09-02T08:09:21-07:00,poorvg
14502124424,5,Good,Good recommendation from my side to my friends,2026-09-02T07:59:01-07:00,Shashi shrama
14501986641,5,Best investment option,Thank you,2026-09-02T07:19:41-07:00,Abhigayu
14501669087,5,Sip nice plan ❤️,Sip nice plan ❤️,2026-09-02T05:48:57-07:00,Zala Yograjsinh
14501661879,1,Bad time,Modi hatao market main kuch ho payega,2026-09-02T05:46:48-07:00,Bikash bari
14501262048,5,Best trading app for beginners,Simple best super,2026-09-02T03:38:34-07:00,Detective4u
14501160473,5,Not So Smooth,Make this smooth as like Android. Please .,2026-09-02T03:00:10-07:00,Santanu0723
14501128581,5,Good application,Easy to use app to buy and sell,2026-09-02T02:47:19-07:00,Nafisur rahman
14501035386,5,Good,Thank you,2026-09-02T02:08:12-07:00,AadiRajaPailu
14501034658,5,DMP,DMP,2026-09-02T02:07:54-07:00,Canan mf240
14501033882,5,we are growing,my fund is growing,2026-09-02T02:07:34-07:00,RM PATRA
14501033103,5,Good,Easy to use,2026-09-02T02:07:14-07:00,Kunal0303
14501010041,5,Good brokerage app,Very good service,2026-09-02T01:57:21-07:00,pupul96
14500996212,5,Easy to use,Good to have the app,2026-09-02T01:51:15-07:00,Haresh2696
14500967406,5,Best App,User friendly easy to use fast service mostly recommended,2026-09-02T01:38:37-07:00,Ram0495
14500949559,5,Great,Very good aap,2026-09-02T01:30:46-07:00,H HD such
14500937823,5,User friendly,Good to use,2026-09-02T01:25:28-07:00,arivazhagan mj
14500934169,5,Best,Good,2026-09-02T01:23:51-07:00,Pikuiih
14500911024,5,App review,App is good without any hiccups so far!,2026-09-02T01:13:30-07:00,Rajesh Gajjar
14500900280,5,Great experience,Great app. Sometimes buy price seems to be higher than initial shown price.,2026-09-02T01:08:41-07:00,Sumeet Chadgal
14500895946,5,Good app,Good app,2026-09-02T01:06:39-07:00,Sivass94
14500854480,5,Friendly APP,User friendly,2026-09-02T00:47:52-07:00,Shyamou
14500854375,5,Good,Very good,2026-09-02T00:47:49-07:00,KvrReddy
14500852820,5,Reliable,works could be done very easily .,2026-09-02T00:47:05-07:00,shinygroww
14500822545,5,User friendly,Groww is super user friendly and reliable for beginners as well as expert investors. Thank you,2026-09-02T00:33:11-07:00,Ankur Maz
14500774614,5,Good,Good,2026-09-02T00:11:19-07:00,Vipul052
14500751977,5,Easy and safe,Easy and safe,2026-09-02T00:00:57-07:00,Freadfick
14500700019,5,Stocks &IPO,Excellent app....extremely easy and highly intuitive for buying and selling stocks,2026-09-01T23:36:42-07:00,Murali Bhupal
14500667675,5,Mast,Good service,2026-09-01T23:21:29-07:00,Nickshsjsksj
14500632990,1,"Account frozen, useless support, cost me thousands","I have been locked out of my own investments due to a ""ReKYC"" process that the app explicitly claims takes ""1-2 days."" It has now been well over a week, and my account is still completely frozen with a systemic error stating onboarding is not allowed.
Because Groww restricted my account, I was prevented from executing a time-sensitive sell order on August 28th. I urgently requested their support chat to manually execute the trade on my behalf to prevent a financial hit, but I was completely ignored. As a direct result of this operational failure and their account lock, my position dropped, and I suffered a direct loss of ₹4,000 in profits that I was actively trying to book.
The customer service is abysmal. The escalation team operates in a continuous loop, closing out my tickets with automated, copy-pasted templates stating the issue is ""prioritized"" and ""forwarded to the concerned team,"" yet the account remains blocked and the issue is never actually resolved.
If you want a reliable broker where you can actually access your portfolio and sell your shares during crucial market moments, look elsewhere. Groww's system delays and completely unresponsive support will literally cost you money.
Highly disappointing experience.",2026-09-01T23:05:23-07:00,B3ASTY06
14500612065,5,Very good,Good,2026-09-01T22:55:35-07:00,Salim.mulla1
14500595923,5,Awesome,Good,2026-09-01T22:48:03-07:00,Mounadeep_Saha
14500595567,5,Excellent,Good work,2026-09-01T22:47:54-07:00,Ritesh Kesarwani
14500591261,5,Best,Best,2026-09-01T22:45:56-07:00,Binodkaji
14500544440,5,its easy,The app is very easy to use,2026-09-01T22:23:52-07:00,Chaotik Larki
14500524013,5,Ilyas,👍,2026-09-01T22:14:27-07:00,Ilyas_itsm
14500511124,5,My experience with Groww,So far Soooo good,2026-09-01T22:08:26-07:00,Seamit77
14500505855,5,Best,Best,2026-09-01T22:05:58-07:00,Luffy__27
14500501538,5,Pradeep Sholapurkar,It’s made my life so much simpler with its easy to use App. There’s a sense of security,2026-09-01T22:03:58-07:00,Sholapurkar
14500499806,5,nice app,nice app,2026-09-01T22:03:09-07:00,RAGRANGER
14500481312,5,Nabajit kalita,Good,2026-09-01T21:54:41-07:00,NABAJIT Kalita
14500418171,5,Kishor,Very wonderful user friendly UX design of App,2026-09-01T21:26:02-07:00,Kishor Waikar
14500407564,5,Simple and easy,Simple and easy,2026-09-01T21:21:14-07:00,ChancellorAmit
14500395012,5,Bests,True,2026-09-01T21:15:31-07:00,MrasGd
14500367295,5,Best Financial App,"By far the best financial app I have used. Setting up an account took minutes, and managing my portfolio is effortless thanks to the brilliant UI. Highly recommend it to anyone looking for a hassle-free, secure way to invest and track the market.",2026-09-01T21:03:07-07:00,TauroDeep
14500344824,5,Mr Negi,User friendly,2026-09-01T20:53:09-07:00,Chef Negi
14500340135,5,Good,Good,2026-09-01T20:51:07-07:00,Sumit pawle
14500323128,5,Good,Easy to use,2026-09-01T20:43:32-07:00,Angry about ARES
14500292189,3,"High brokerage, average app experience","Though they don’t charge AMC, brokerage itself is high. Other popular apps have better tariffs. The app itself is not feature rich. I felt other competitor apps have better features.",2026-09-01T20:30:17-07:00,Shanm83
14500262317,4,Investment,Great experience,2026-09-01T20:17:43-07:00,Srikanth9742
14500228327,5,Best,So helpful,2026-09-01T20:03:27-07:00,Shuba Krishnamoorthi
14500165591,5,Amazing app!!,Five star review,2026-09-01T19:37:52-07:00,Abhijeet Volvoikar
14500135832,5,Good,Easy to use very good,2026-09-01T19:26:00-07:00,Pandusri
14500114822,5,Ok,Anurag,2026-09-01T19:17:42-07:00,AnuragD14
14500051249,5,Very good app,Very user friendly. The best I found so far was,2026-09-01T18:53:14-07:00,Sunjeev7
14500021498,5,Feature Rich App,Easy to use and informative,2026-09-01T18:41:46-07:00,Sarajit
14499975751,5,Simple to use,Good for common people,2026-09-01T18:24:22-07:00,Jaee30
14499927390,5,Great Good app,One of the best apps for trading.,2026-09-01T18:06:04-07:00,Hirocksumit
14499903955,5,Smooth experience,All is great,2026-09-01T17:57:08-07:00,venkyes30
14499839786,5,Good,Good,2026-09-01T17:32:36-07:00,Rajjj91
14499549184,5,Good,Good,2026-09-01T15:38:35-07:00,Virendra Singh good
14499213805,5,"charges, Jada Hai",Baki shb kuch Theek Hai,2026-09-01T13:31:37-07:00,Shahrukh Wars
14499185662,5,Best,5 star,2026-09-01T13:21:36-07:00,Shubh22
14499132033,5,Good app,Best app,2026-09-01T13:02:47-07:00,mvfrrrwtugcdsrujbfswbhj
14499025421,5,Easy and clear,This app is easy to understand and good for beginners and also for experts.,2026-09-01T12:26:28-07:00,RohanMS
14499016472,4,Best app for Stocks,"Dear Groww team,
I hope, you guys are doing great.

I have been using the Groww app since 2020. It's very easy to use. Whereas, I am so disappointed about the decision taken by the Groww team to remove the analyst suggestion about the stocks in the latest version. It was very useful.  I hope the Groww team will understand the priority of this section and how helpful for the investors in order to get an expert proposition on a particular stock. 

So and based on the above, you are requested to get back the analyst suggestion option in the next update.",2026-09-01T12:23:29-07:00,sh@h!
14499003194,5,Good experience,Easy to invest good app,2026-09-01T12:19:02-07:00,golunitin
14498857893,5,Well informative n responsive Customer care.. Thank you Grow..,Grow customer care s responsive n platform s beginner friendly.. Thank you🙏,2026-09-01T11:31:12-07:00,Revathi Tata
14498708249,5,Best application in Finance world,Very beginner-friendly interface with a clean and intuitive design.,2026-09-01T10:43:21-07:00,Nikz@
14498696097,5,Second to none,One of the best apps and services out there for all your financial plans. Truly second to none. I have been with Groww since 2018 and find their platform and services to be exceptional.,2026-09-01T10:39:27-07:00,Dr. Ryan D
14498609473,5,Good app,Easy to use,2026-09-01T10:12:45-07:00,sampnb
14498521340,5,Awesome app,Easy to use and understand good for beginners,2026-09-01T09:46:04-07:00,Devid1997Devid
14498459152,5,Good and easy to use,Easy to use,2026-09-01T09:27:32-07:00,N A &&
14497926748,5,Ok,Ok,2026-09-01T06:56:24-07:00,sonithakur
14497897489,4,Excellent App,"While using the Groww app, I found it very user-friendly and easy to navigate. It provides a lot of useful information on IPOs, stocks, FDs, bonds, and various other investment opportunities, which helps users explore and make informed decisions. So far, I haven’t faced any glitches or technical issues, and overall, my experience with the app has been very good.",2026-09-01T06:48:20-07:00,Anikbits
14497731018,5,Everything is updated,Experience wise this app is working very good.,2026-09-01T05:59:26-07:00,Anand Singh5511
14497655878,5,Best serive,Quick open and fast response,2026-09-01T05:32:42-07:00,Maalik@9
14497511390,5,Best App so far,"From past 1 year I was using other trading app but GROWW is user friendly
One can easily research before investing",2026-09-01T04:45:48-07:00,Immisayed
14497299307,5,Good,It’s a wonderful application,2026-09-01T03:36:04-07:00,PrakashBoko
14497297320,5,Awesome,"Easy to understand, simple and amazing app",2026-09-01T03:35:22-07:00,starapu
14497268586,5,Very issue to use,Suggestions on stocks are also good and helpful,2026-09-01T03:25:09-07:00,Pushpajai
14497233302,5,Mr,Yasir,2026-09-01T03:11:22-07:00,yasirhdk
14497217963,5,Need iPad App on priority,Need iPad App for Groww,2026-09-01T03:05:46-07:00,Gaurang20
14497173189,5,Wonderful,Experience,2026-09-01T02:49:01-07:00,AkbarAkki
14497172943,5,Anil,Good,2026-09-01T02:48:55-07:00,Anil  Bamnote
14497049453,5,My experience,User friendly & easy to operate,2026-09-01T02:01:26-07:00,Sandeepblu
14497041093,5,Wonderful App,"It’s Very easy to access and advanced options are available 
Easy UI and excellent tracking",2026-09-01T01:58:17-07:00,Bharath Tg
14497021787,5,Good,Experience,2026-09-01T01:50:51-07:00,Thakor singh
14496985198,5,Rana gill,very easy to use for stocks,2026-09-01T01:36:33-07:00,Parminder Rana
14496972730,5,Just the best interface and easy to use,Great app for every aspect of finance right at your dashboard.,2026-09-01T01:31:11-07:00,Adith08
14496968450,5,Nice and easy,Easy to navigate,2026-09-01T01:29:19-07:00,Hvs2501
14496859029,5,Gargious,Superb,2026-09-01T00:41:09-07:00,Komal Loura
14496836885,5,Overall,Good for stocks also,2026-09-01T00:31:09-07:00,Mohib Pro
14496817806,5,All in one,Super,2026-09-01T00:22:32-07:00,Chiggy Chaudhary
14496793264,5,Fast,Super Groww fast,2026-09-01T00:11:25-07:00,Kumar 21
14496767304,5,Nice,Nice,2026-08-31T23:59:34-07:00,Nice ok very good
14496740121,5,Dipankar,Good,2026-08-31T23:47:03-07:00,Dipankar Haldar
14496721744,5,Super and easy to use app,Super,2026-08-31T23:38:33-07:00,Meldi sarkar
14496692279,5,Good platform,Excellent info and clear UI aids compared to other platforms,2026-08-31T23:24:42-07:00,food order anil
14496691556,5,Best,"I loved the lock fno trading feature.. avoids over trading 
Once u got profit u can lock fno trading for the day n avoid the grid n over trading",2026-08-31T23:24:22-07:00,siddesh bhandare
14496671986,5,Super,All in one Place,2026-08-31T23:15:23-07:00,PRASHANTH ROCKZZ
14496658305,5,Trading,Great app,2026-08-31T23:09:03-07:00,V4verma21
14496658253,5,App is great but one feature needed desperately,Need GTT with Buying as well as Sell together in one screen,2026-08-31T23:09:02-07:00,gaurav2629
14496655019,5,Usage,Easy to use,2026-08-31T23:07:33-07:00,rahul_151
14496637864,5,Awesome app,One of the best investing app in India!,2026-08-31T22:59:35-07:00,MadJo Ramesh
14496632479,5,Good,Very good,2026-08-31T22:57:06-07:00,Sunil Rawatsar
14496617455,5,Good,Bahut badhiya share market investing app hai,2026-08-31T22:49:59-07:00,MauryaHarsh24
14496608718,5,Nice app,Best performance,2026-08-31T22:45:53-07:00,Skbrajesh
14496606035,4,Fixed Deposit Tab,"Everything is awesome with this app except some important tabs, which are missing. It would have been a full 5 star app if it had the Fixed Deposit Tab and the US stock market Tab included like the Desktop version of Groww",2026-08-31T22:44:41-07:00,RaKa90
14496593858,5,Groww with Groww,Best and easy app for investing,2026-08-31T22:39:00-07:00,Poojashawak
14496507603,5,Jerry,A good broker with zero joining and no annual fees but if they could reduce the brokerage charges will be much better than any other broker application.,2026-08-31T21:59:05-07:00,Jerrydaia
14496465857,5,Easy to understand,Transparent and easy to understand,2026-08-31T21:39:50-07:00,Suchi champ
14496455291,5,Good app,Very fast,2026-08-31T21:35:01-07:00,ambiओके
14496436532,5,Great App for investment,Great App for investment,2026-08-31T21:26:35-07:00,Niteshrai02
14496436453,5,Good,v Good,2026-08-31T21:26:33-07:00,Girish v Dafda
14496424196,5,🙏,👍👌,2026-08-31T21:20:57-07:00,ड़प
14496414071,5,Grow,Excellent platform 👍,2026-08-31T21:16:22-07:00,Chandrika Mahajan
14496408534,5,Amazing,Very user friendly,2026-08-31T21:13:49-07:00,Yogesh Kembhavi
14496407071,5,Exceptional and Seamless,Excellent user experience.,2026-08-31T21:13:10-07:00,Vinayak_4u
14496401023,5,Sachin,Excellent and user friendly app,2026-08-31T21:10:26-07:00,GuptaSachinKr
14496394479,5,Best App for Investing,Easy to use,2026-08-31T21:07:28-07:00,chirag45
14496375545,5,Tanamyi,"I am completely new to shares, but grow is guiding me excellently 
Very simple and giving full knowledge",2026-08-31T20:58:51-07:00,Tasmadana
14496344227,5,User friendly app,User friendly app,2026-08-31T20:45:05-07:00,omvirat
14496300481,5,great,easy to use,2026-08-31T20:26:10-07:00,sandy_tattoo
14496296504,5,Dmat,Good,2026-08-31T20:24:25-07:00,Jagga rao
14496267707,5,Review,Goodness,2026-08-31T20:12:07-07:00,SATYANARAYNA
14496220234,5,Highly committed app,Grow app provides a wide variety of services with committed accuracy.,2026-08-31T19:52:15-07:00,KrishnaJoshi
14496201584,4,Good,Good,2026-08-31T19:44:34-07:00,Hotel professionals
14496182824,5,One stop of solution for investments,One stop of solution for investments,2026-08-31T19:36:58-07:00,hiteshsewawat
14496161622,5,👌,👌,2026-08-31T19:28:19-07:00,VIP0805
14496104308,5,Trading,Good applications for new users,2026-08-31T19:05:42-07:00,Donglee_
14496071967,5,Great app,Amazing App,2026-08-31T18:53:14-07:00,Pallavi Leela
14495978366,4,Hi haaa,Fast and secure,2026-08-31T18:17:13-07:00,Salhux
14495974117,5,NIC,Super,2026-08-31T18:15:36-07:00,Veeruru
14495738439,4,Good,Easy to use,2026-08-31T16:43:53-07:00,Sathi Pandu
14495686513,5,Good,Good,2026-08-31T16:23:29-07:00,Shivam2411KA
14495334538,5,Investment made easy,Groww platform is easy to operate. Customer support is great.,2026-08-31T14:08:30-07:00,NKunjar
14495186468,5,Gond,👍,2026-08-31T13:15:13-07:00,Lucky Gond
14495001069,5,Easy,Very good,2026-08-31T12:11:11-07:00,nand lal sharma
14494965504,5,Simply awesome,"Very ease to use, simple, navigations work so smoothly. Very user friendly app. Love it",2026-08-31T11:59:11-07:00,Koms99
14494922081,5,Grow,Great,2026-08-31T11:44:38-07:00,mental joy
14494910016,5,Awesome all,Awesome app,2026-08-31T11:40:33-07:00,Rathore banna
14494856560,5,Best Platform For Investors,Super Easy App For Beginners And Investors,2026-08-31T11:22:55-07:00,Sp-Lucky
14494821743,5,Easy to operate,"Simple with less confusing, everything at a glance.",2026-08-31T11:11:30-07:00,Pradhan ok
14494727027,5,Customer friendly,"Customer friendly: easy to use, all in one.. good app",2026-08-31T10:40:35-07:00,LakshRamanya
14494640954,5,Service,Service good,2026-08-31T10:12:58-07:00,taas1994
14494607191,1,Poor service,Im using this app more than 6 month im use for only applying ipo but more then time ipo mandate is not received and not modifications in hni ipo zerodha is best app,2026-08-31T10:02:29-07:00,Nikunj Basopiya
14494543560,5,Best app for trading,"Easy to use 
I have zero knowledge about trading but after using it am an expert in trading",2026-08-31T09:42:46-07:00,Anu@0705
14494372605,5,Easy to operate,Handy,2026-08-31T08:51:08-07:00,BS Chauhan Q
14494099799,5,Best Broker For Beginners,Groww is user friendly and provides more features & tools in comparison of other Broker.,2026-08-31T07:32:00-07:00,Kkabirrr
14494070786,5,Great experience,Great experience,2026-08-31T07:23:45-07:00,vollant
14494054389,5,A,If we can get a direct buy and sell dragging option that will help a lot,2026-08-31T07:19:00-07:00,Piangcomplain
14493989090,5,Best,"Quick , Easy to use , Informative",2026-08-31T07:00:17-07:00,Shree25
14493861443,5,Good App,Superb app very easy and Supportive I’m very happy. Thank you Groww App Must Download this app and Enjoy,2026-08-31T06:22:59-07:00,RUPALMODI
14493796476,5,Alex,Excellent,2026-08-31T06:03:54-07:00,Nebu pk
14493779772,5,Amar jibone ami r kono din uninstall korbo na,Atai amar promised,2026-08-31T05:58:52-07:00,gour@com
14493759666,3,IPO Issue,"Today applied for an IPO around 1 PM and no UPI Request received- NO SUPPORT 
Tried chat - after 10 mts (I think third agent finally responded and says looking into it. EVEN after waiting for more than 30 MINUTES - no update.
It is a big guess whether support executive left the chat or not.
In the mean time IPO closed.",2026-08-31T05:52:48-07:00,kambha55
14493735503,5,Great App,Easy and best app,2026-08-31T05:45:25-07:00,Batman@1997
14493692711,5,Great app,Very smooth and easy way of trading,2026-08-31T05:32:17-07:00,Abhishekgpt1989
14493676587,1,Alert System has become poor | iPhone,"The alerts used to be active for more than 30 days and were very useful but now you have to remember to reactive/re-set them every 30days. Moreover the UI has become pathetic. If a stock has an alert set, you just can’t go to alerts and change it, you have to find it manually among the 100 odd alerts that you have set. There is no type and search option or no way to show alert of just that stock. And I see this has happened only for iPhone while it’s still the same for Android.",2026-08-31T05:27:20-07:00,Kshitij23jain
14493613083,5,Good,Bahut acha,2026-08-31T05:07:25-07:00,Sonal swaroop
14493596910,5,Useful and informative,Useful and informative app,2026-08-31T05:02:16-07:00,Poo mali
14493497481,5,User friendly,User friendly,2026-08-31T04:29:57-07:00,Billbox pmt fee
14493481765,5,Awesome,Very user friendly,2026-08-31T04:24:40-07:00,Raj.278
